codigo,producto,rubro,cantidad,unidad,costo_standard,actualizado_en
ACEITES Y LUBRICANTES,ACEITES Y LUBRICANTES (Lt),SIN UBICACION,11367,Litros,175.44,2026-10-07T08:08:00Z
ARRANQUE Y ALTERNADORES,ARRANQUE Y ALTERNADORES,N,10,Unidades,,2026-10-07T08:08:00Z
BULONES,BULONES,,-150,Unidades,0.17,2026-10-07T08:08:00Z
FILTROS,FILTROS,K,784,Unidades,17.89,2026-10-07T08:08:00Z
INSUMOS COMPACTADORES,INSUMOS COMPACTADORES,L,37,Unidades,,2026-10-07T08:08:00Z
INSUMOS DEPOSITO DE CUBIERTAS,INSUMOS DEPOSITO DE CUBIERTAS,,59,Unidades,615.06,2026-10-07T08:08:00Z
INSUMOS ELECTRICOS AUTOMOTOR,INSUMOS ELECTRICOS AUTOMOTOR,W,1057,Unidades,1.85,2026-10-07T08:08:00Z
INSUMOS EQUIPO RIEGO,INSUMOS  EQUIPO RIEGO,M,50,Unidades,224.67,2026-10-07T08:08:00Z
INSUMOS EQUIPO RIEGO,INSUMOS  EQUIPO RIEGO,M,15333,Unidades,224.67,2026-10-07T08:08:00Z
INSUMOS EQUIPO RIEGO SERVICIOS,INSUMOS EQUIPO RIEGO SERVICIOS,M,4,Unidades,138.89,2026-10-07T08:08:00Z
INSUMOS GOMERIA,INSUMOS GOMERIA,SIN UBICACION,559,Unidades,47.3,2026-10-07T08:08:00Z
INSUMOS IMPLEMENTOS,INSUMOS IMPLEMENTOS,O,281,Unidades,,2026-10-07T08:08:00Z
INSUMOS MANGUERAS HIDRAULICAS -TERMINALES,INSUMOS MANGUERAS HIDRAULICAS- TERMINALES,,0,Metros,,2026-10-07T08:08:00Z
INSUMOS MAQUINAS  VARIAS,INSUMOS  MAQUINAS VARIAS,I,32,Unidades,520,2026-10-07T08:08:00Z
INSUMOS MATERIALES TALLER,INSUMOS MATERIALES TALLER,SIN UBICACION,576,Unidades,3.95,2026-10-07T08:08:00Z
INSUMOS SEGURIDAD E HIGIENE,INSUMOS SEGURIDAD E HIGIENE,Q,594,Metros,62.53,2026-10-07T08:08:00Z
INSUMOS VARIOS TALLER EN UNIDADES (10.5%),INSUMOS VARIOS TALLER EN UNIDADES (10.5%),J,1,Unidades,210.17,2026-10-07T08:08:00Z
INSUMOS VARIOS TALLER EN UNIDADES (21%),INSUMOS VARIOS TALLER EN UNIDADES (21%),J,3322,Unidades,2.75,2026-10-07T08:08:00Z
INSUMOS Y REPUESTOS CAMIONETAS,INSUMOS Y REPUESTOS CAMIONETAS,W,279,Unidades,229.5,2026-10-07T08:08:00Z
PINTURAS,PINTURAS,J,286,Unidades,5.35,2026-10-07T08:08:00Z
REPUESTOS CAMIONES,REPUESTOS CAMIONES,D,38,Unidades,9.91,2026-10-07T08:08:00Z
REPUESTOS COSECHADORAS,REPUESTOS COSECHADORAS,P,10748,Unidades,190.93,2026-10-07T08:08:00Z
REPUESTOS DESMOTADORA EN TALLER,REPUESTOS DESMOTADORA EN TALLER,DT,1211,Unidades,4365,2026-10-07T08:08:00Z
REPUESTOS DIRIGIDO,REPUESTOS DIRIGIDO,I,11,Unidades,,2026-10-07T08:08:00Z
REPUESTOS MAQUINAS VARIAS,REPUESTOS MAQUINAS VARIAS,I,3,Unidades,,2026-10-07T08:08:00Z
REPUESTOS MAQUINAS VIALES,REPUESTOS MAQUINAS VIALES,I,534,Unidades,297,2026-10-07T08:08:00Z
REPUESTOS MOTOS,REPUESTOS MOTOS,J,424,Unidades,2.45,2026-10-07T08:08:00Z
REPUESTOS SCANIA,REPUESTOS SCANIA,R,925,Unidades,,2026-10-07T08:08:00Z
REPUESTOS SCANIA SERVICIOS,REPUESTOS SCANIA SERVICIOS,R,12,Unidades,62.33,2026-10-07T08:08:00Z
REPUESTOS SEMBRADORA,REPUESTOS SEMBRADORA,I,4147,Unidades,,2026-10-07T08:08:00Z
REPUESTOS TRACTORES,REPUESTOS TRACTORES,U,1355,Unidades,,2026-10-07T08:08:00Z
REPUESTOS TRAFIC,REPUESTOS TRAFIC,B,73,Unidades,34.59,2026-10-07T08:08:00Z
REPUESTOS TRITURADORA,REPUESTOS TRITURADORA,L,46,Unidades,,2026-10-07T08:08:00Z
RODAMIENTOS,RODAMIENTOS,V,616,Unidades,7.92,2026-10-07T08:08:00Z
